<?xml version="1.0" encoding="UTF-8"?>
<project-private xmlns="http://www.netbeans.org/ns/project-private/1">
    <editor-bookmarks xmlns="http://www.netbeans.org/ns/editor-bookmarks/2" lastBookmarkId="0"/>
    <open-files xmlns="http://www.netbeans.org/ns/projectui-open-files/2">
        <group>
            <file>file:/C:/Users/JIBIN%20JOSE/Documents/NetBeansProjects/Congestioncontrol/src/source/CFRSource.java</file>
            <file>file:/C:/Users/JIBIN%20JOSE/Documents/NetBeansProjects/Congestioncontrol/src/congestioncontrol/CFRDestination.java</file>
            <file>file:/C:/Users/JIBIN%20JOSE/Documents/NetBeansProjects/Congestioncontrol/src/fourth/InRouter.java</file>
            <file>file:/C:/Users/JIBIN%20JOSE/Documents/NetBeansProjects/Congestioncontrol/src/Inrouterr/Leaky.java</file>
            <file>file:/C:/Users/JIBIN%20JOSE/Documents/NetBeansProjects/Congestioncontrol/src/Inrouterr/Inrouter.java</file>
            <file>file:/C:/Users/JIBIN%20JOSE/Documents/NetBeansProjects/Congestioncontrol/src/destination/Back.java</file>
            <file>file:/C:/Users/JIBIN%20JOSE/Documents/NetBeansProjects/Congestioncontrol/src/Inrouterr/RateControl.java</file>
            <file>file:/C:/Users/JIBIN%20JOSE/Documents/NetBeansProjects/Congestioncontrol/src/fourth/Leaky.java</file>
            <file>file:/C:/Users/JIBIN%20JOSE/Documents/NetBeansProjects/Congestioncontrol/src/Inrouterr/Back.java</file>
            <file>file:/C:/Users/JIBIN%20JOSE/Documents/NetBeansProjects/Congestioncontrol/src/Inrouterr/Send.java</file>
            <file>file:/C:/Users/JIBIN%20JOSE/Documents/NetBeansProjects/Congestioncontrol/src/source/Source.java</file>
            <file>file:/C:/Users/JIBIN%20JOSE/Documents/NetBeansProjects/Congestioncontrol/src/router/CFRRouter.java</file>
            <file>file:/C:/Users/JIBIN%20JOSE/Documents/NetBeansProjects/Congestioncontrol/src/destination/CFRRouter.java</file>
        </group>
    </open-files>
</project-private>
