<?xml version="1.0" encoding="UTF-8"?>
<project-private xmlns="http://www.netbeans.org/ns/project-private/1">
    <editor-bookmarks xmlns="http://www.netbeans.org/ns/editor-bookmarks/2" lastBookmarkId="0"/>
    <open-files xmlns="http://www.netbeans.org/ns/projectui-open-files/1">
        <file>file:/C:/Users/JIBIN%20JOSE/Documents/NetBeansProjects/NotePad/src/notepad/main.java</file>
    </open-files>
    <open-files xmlns="http://www.netbeans.org/ns/projectui-open-files/2">
        <group>
            <file>file:/home/gptc/NetBeansProjects/notepad/src/notepad/main.java</file>
        </group>
    </open-files>
</project-private>
